Fuelbeds,cons_duff_lower,cons_duff_upper,cons_flm,cons_lts,cons_sts
25Mile,0.0,0.0,5.99206173152654,0.6552576531308264,1.1084761360692634
